filename,deutsche_num,degree_entropy,intervallic_entropy,npvi,start_date,completion_date,wellness,NOTES (to be deleted)
D/B/RISM452509661-1-1-1.thm,5,2.4183,2.25163,11.1111,1811.03,1811.03,well,
D/B/RISM452509661-1-1-2.thm,5,1.75,2.15564,48.3333,1811.03,1811.03,well,
D/B/RISM452509667-1-1-1.thm,10,1.86096,1.12193,31.5789,1811.12,1811.12,well,
D/B/RISM452509667-1-1-2.thm,10,1.89106,1.65774,87.3545,1811.12,1811.12,well,
CH/BM/RISM400109815-1-1-1.thm,37,2.47307,2.77292,59.5238,1812.12,1812.12,well,
D/B/RISM452509713-1-1-1.thm,38,2.75163,2.85539,33.3333,1813.01,1813,well,
D/B/RISM452509633-1-1-1.thm,44,1.45915,2.25163,13.3333,1813.01,1813.01,well,
D/B/RISM452509634-1-1-1.thm,50,2.44931,2.44163,62.7778,1813.04,1813.04,well,
D/B/RISM452509715-1-1-1.thm,52,1.81128,2.40564,71.4286,1813.04,1813.04,well,
D/B/RISM452509714-1-1-1.thm,53,2.29883,2.75343,68.4982,1813.04,1813.04,well,
D/B/RISM452509682-1-1-1.thm,54,2.35222,2.65564,40,1813.04,1813.04,well,
D/B/RISM452509683-1-1-1.thm,69,1.6645,2.12809,58.8889,1813.07,1813.07,well,
D/B/RISM452509684-1-1-1.thm,70,2.2999,1.78993,56.127,1813.07,1813.07,well,
D/B/RISM452509704-1-1-1.thm,80,1.58496,1.58496,33.3333,UNKNOWN,1813.09,well,
D/B/RISM452509704-1-1-2.thm,80,2.37095,2.44644,86.9048,UNKNOWN,1813.09,well,
D/B/RISM452509736-1-1-1.thm,81,2.61006,2.35235,57.037,1813.09,1813.1,well,Autumn
D/B/RISM452509642-1-1-1.thm,97,1.79248,2.25163,41.1429,1814.04,1814.04,well,
D/B/RISM452509642-1-1-2.thm,97,1.76096,2.04644,44.7619,1814.04,1814.04,well,
D/B/RISM452509635-1-1-1.thm,99,1.92193,1.92193,32.1429,1814.04,1814.04,well,
D/B/RISM452509635-1-1-2.thm,99,2.58496,2.58496,53.4722,1814.04,1814.04,well,
D/B/RISM452509636-1-1-2.thm,100,2.41309,1.49111,90.0869,1814.04,1814.04,well,
D/B/RISM452509637-1-1-1.thm,101,1.84237,2.55666,56.1111,1814.04,1814.04,well,
D/B/RISM452509641-1-1-1.thm,98/2,0.811278,1.5,70,1814.04,1814.04,well,UNCERTAIN
D/B/RISM452509641-1-1-2.thm,98/2,2.46967,2.31582,57.4359,1814.04,1814.04,well,UNCERTAIN
D/B/RISM452509691-1-1-1.thm,106,2.65426,2.53661,33.9644,1814.06,1814.07,well,
D/B/RISM452509691-1-1-2.thm,106,2.19969,2.71929,76.7033,1814.06,1814.07,well,
D/B/RISM452509640-1-1-1.thm,107,2.23593,2.52164,47.8788,1814.07,1814.07,well,
D/B/RISM452509640-1-1-2.thm,107,1.96096,2.32193,36.6667,1814.07,1814.07,well,
D/B/RISM452509638-1-1-1.thm,108,1.45915,2.25163,41.9048,1814.07,1814.07,well,
D/B/RISM452509638-1-1-2.thm,108,2.64644,1.68548,80.2222,1814.07,1814.07,well,
D/B/RISM452509639-1-1-1.thm,109,2.70689,2.33291,50,1814.07,1814.07,well,
D/B/RISM452509639-1-1-2.thm,109,2.91398,2.55034,58.7879,1814.07,1814.07,well,
D/B/RISM452509565-1-1-1.thm,114/2,2.5,1.40564,66.6667,1814.09,1814.09,well,
D/B/RISM452509565-1-1-2.thm,114/2,2.05881,2.28104,54.8148,1814.09,1814.09,well,
D/B/RISM452509733-1-1-1.thm,117,1.96096,2.92193,52.5926,1814.01,1814.1,well,
D/B/RISM455025527-1-1-2.thm,118,1.62669,1.97511,109.421,1814.01,1814.1,well,
A/Sfr/RISM655000376-1-1-1.thm,120,2.32428,2.82218,67.2619,1814.11,1814.11,well,
A/Sfr/RISM655000376-1-1-2.thm,120,1.35164,2.05881,29.1667,1814.11,1814.11,well,
A/R/RISM600263482-1-1-1.thm,121/1,1.22439,1.83659,69.1667,1814.11,1814.11,well,
D/ALTbethmannhollweg/RISM452512685-1-1-1.thm,121/1,1.22439,1.83659,69.1667,1814.11,1814.11,well,
D/B/RISM452509632-1-1-1.thm,122,1.67742,2.20282,25.7778,1814.12,1814.12,well,beginning of december
D/B/RISM452509564-1-1-1.thm,124,2.12193,2.12193,65.9259,1814.12,1814.12,well,
D/B/RISM452509740-1-1-1.thm,126/1,2.25163,2.58496,35.7143,1814.12,1814.12,well,
D/B/RISM452509740-1-1-2.thm,126/1,1.37878,1.84237,53.3333,1814.12,1814.12,well,
A/MS/RISM600055011-1-1-1.thm,136,1.14883,1.95021,36.7015,1815.01,1815,well,
A/RB/RISM600033730-1-1-1.thm,136,1.96096,2.12193,58.836,1815.01,1815,well,
A/RZ/RISM600263176-1-1-1.thm,136,1.96096,2.12193,58.836,1815.01,1815,well,
A/SPL/RISM600055942-1-1-1.thm,136,2.2125,2.08746,47.9762,1815.01,1815,well,
A/Wdp/RISM600658911-1-1-1.thm,136,1.96096,2.12193,58.836,1815.01,1815,well,
A/Wlic/RISM600500592-1-1-1.thm,136,1.96096,2.12193,58.836,1815.01,1815,well,
CZ/OSm/RISM550282142-1-1-1.thm,136,1.37878,1.37878,34.9206,1815.01,1815,well,
CZ/OSm/RISM550282142-1-1-2.thm,136,1.98777,2.62352,60.5128,1815.01,1815,well,
CZ/Pnm/RISM550270904-1-1-1.thm,136,1.86763,2.48171,40,1815.01,1815,well,
CZ/Pu/RISM550508200-1-1-1.thm,136,1.96096,2.12193,58.836,1815.01,1815,well,
CZ/Pu/RISM550508200-1-1-2.thm,136,1.77095,2.52193,55.6911,1815.01,1815,well,
CZ/SE/RISM550500099-1-1-1.thm,136,2.48679,2.41566,58.3016,1815.01,1815,well,
CZ/SE/RISM550500099-1-1-2.thm,136,2.25691,2.55805,50.4065,1815.01,1815,well,
D/B/RISM452509662-1-1-1.thm,152,2.5,2.40564,44.4444,1815.02,1815.02,well,
D/B/RISM452509662-1-1-2.thm,152,1.97175,2.22219,58.9505,1815.02,1815.02,well,
D/B/RISM452509557-1-1-1.thm,160,2.32193,1.92193,60.7143,1815.02,1815.02,well,
D/B/RISM452509557-1-1-2.thm,160,1.84644,2.12193,47.3333,1815.02,1815.02,well,
D/B/RISM452509616-1-1-1.thm,165,2.39358,2.32441,49.139,1815.03,1815.03,well,
D/B/RISM452509663-1-1-1.thm,166,2.7719,2.93983,80.9199,1815.03,1815.03,well,
D/B/RISM452509663-1-1-2.thm,166,1.4183,1.95915,63.4921,1815.03,1815.03,well,
A/Wdp/RISM600501517-1-1-1.thm,167,2.47291,2.2798,68.2993,1815.03,1815.03,well,
D/B/RISM452509678-1-1-1.thm,169,0.811278,1.5,22.2222,1815.03,1815.03,well,
D/B/RISM452509678-1-1-2.thm,169,0.811278,1.5,56.6667,1815.03,1815.03,well,
D/B/RISM452509679-1-1-1.thm,170,1.37878,2.52164,34.4444,1815.03,1815.03,well,
D/B/RISM452509692-1-1-1.thm,175,1.37878,1.95021,83.3333,1815.04,1815.04,well,
D/B/RISM452509692-1-1-2.thm,175,2.11808,2.11808,65.7143,1815.04,1815.04,well,
D/B/RISM452509591-1-1-1.thm,179,0.811278,1.5,56.4084,1815.04,1815.04,well,
D/B/RISM452509591-1-1-2.thm,179,2.17095,2.12193,58,1815.04,1815.04,well,
D/B/RISM452509624-1-1-1.thm,180,2.14926,2.3656,101.176,1815.04,1815.04,well,
D/B/RISM452509697-1-1-1.thm,183,2.52206,1.95083,21.8182,1815.04,1815.04,well,
A/Waf/RISM600066530-1-1-1.thm,184,0,0.543564,61.9444,1815.04,1815.04,well,
CH/BM/RISM400110485-1-1-1.thm,173/2,2.60222,2.5244,46.4127,1815.03,1815.04,well,
D/B/RISM452509652-1-1-1.thm,187,3.05656,2.42258,38.5714,1815.05,1815.05,well,
D/B/RISM452509652-1-1-2.thm,187,1.57095,2.04644,28.4,1815.05,1815.05,well,
D/B/RISM452509619-1-1-1.thm,192,2.4997,2.4116,51.6026,1815.05,1815.05,well,
D/B/RISM452509619-1-1-2.thm,192,2.05881,2.41938,65.233,1815.05,1815.05,well,
D/B/RISM452509630-1-1-1.thm,198,2.5,1.81128,66.6667,1815.05,1815.05,well,
D/B/RISM452509699-1-1-1.thm,199,1.45915,1.62581,47.1861,1815.05,1815.05,well,
D/B/RISM452509700-1-1-1.thm,203,2.52206,2.35539,70.4473,1815.05,1815.05,well,
D/B/RISM452509701-1-1-1.thm,204,1.95915,2.45083,18.7879,1815.05,1815.05,well,
D/B/RISM452509702-1-1-1.thm,205,1.32218,1.0958,27.3333,1815.05,1815.05,well,
D/B/RISM452509611-1-1-1.thm,206,2.05881,2.19716,32.5,1815.05,1815.05,well,
D/B/RISM452509629-1-1-1.thm,207,3,2.75,100,1815.05,1815.05,well,
D/ALTbethmannhollweg/RISM452512190-1-1-1.thm,191/2,1.95083,2.61749,81.6773,1815.05,1815.05,well,
D/ALTbethmannhollweg/RISM452512681-1-1-1.thm,191/2,0,0.503258,29.6296,1815.05,1815.05,well,
D/B/RISM452509664-1-1-2.thm,208/2,2.17095,2.72193,55.6667,1815.05,1815.05,well,
D/B/RISM452509665-1-1-1.thm,211,0,1,120,1815.06,1815.06,well,
D/B/RISM452509665-1-1-2.thm,211,1.54879,2.15564,91.1905,1815.06,1815.06,well,
CZ/Pu/RISM550401964-1-1-1.thm,217,2.28064,1.875,92.0635,1815.06,1815.06,well,
D/B/RISM452509610-1-1-1.thm,222,1.53049,1.65774,70.8333,1815.07,1815.07,well,
A/R/RISM600263480-1-1-1.thm,226,1.61401,2.12581,64.5714,1815.07,1815.07,well,
D/B/RISM452509628-1-1-1.thm,227,2,2,44.4444,1815.07,1815.07,well,
D/B/RISM452509628-1-1-2.thm,227,2.69951,2.12809,70.8634,1815.07,1815.07,well,
D/B/RISM452509749-1-1-1.thm,228,1.5,2.25,39.0476,1815.07,1815.07,well,
D/B/RISM452509644-1-1-1.thm,235,1,0.811278,66.6667,1815.07,1815.07,well,
D/B/RISM452509644-1-1-2.thm,235,2.73216,2.22219,71.7749,1815.07,1815.07,well,
D/B/RISM452509672-1-1-1.thm,236,1.29879,2,59.0476,1815.07,1815.07,well,
D/B/RISM452509645-1-1-1.thm,237,2.44644,2.64644,74.0741,1815.07,1815.07,well,
D/B/RISM452509646-1-1-1.thm,238,2.17095,2.12193,41.4815,1815.07,1815.07,well,
D/B/RISM452509646-1-1-2.thm,238,2.17095,2.12193,53.9048,1815.07,1815.07,well,
D/B/RISM452509600-1-1-1.thm,240,2.3656,2.14647,32.381,1815.07,1815.07,well,
D/B/RISM452509601-1-1-1.thm,241,2.66123,2.71929,27.7778,1815.07,1815.07,well,
D/B/RISM452509601-1-1-2.thm,241,2.15564,2.15564,80.4167,1815.07,1815.07,well,
A/R/RISM600263481-1-1-1.thm,225/2,0.811278,1.40564,59.0476,1815.07,1815.07,well,
D/B/RISM452509602-1-1-1.thm,251,2.52193,1.57095,59.2593,1815.08,1815.08,well,
D/B/RISM452509674-1-1-1.thm,253,1.89106,2.50326,60.3529,1815.08,1815.08,well,
D/B/RISM452509743-1-1-1.thm,254,1.37095,1.84644,33.3333,1815.08,1815.08,well,
D/B/RISM452509603-1-1-1.thm,256,2.5,2.5,53.3333,1815.08,1815.08,well,
A/Wr/RISM600251145-1-1-1.thm,257,2.20624,2.23892,22.8571,1815.08,1815.08,well,
D/ALTbethmannhollweg/RISM452512683-1-1-1.thm,257,1.65774,2.05881,23.3333,1815.08,1815.08,well,
D/B/RISM452509742-1-1-1.thm,258,2.63129,2.49808,40.6667,1815.08,1815.08,well,
D/B/RISM452509741-1-1-1.thm,259,2.37456,2.37456,27.5,1815.08,1815.08,well,
D/B/RISM452509607-1-1-1.thm,262,1.25163,1.95915,15.1515,1815.08,1815.08,well,
D/B/RISM452509607-1-1-2.thm,262,2.53064,2.18004,15.1961,1815.08,1815.08,well,
D/B/RISM452509606-1-1-1.thm,265,2.41592,2.68259,53.8095,1815.08,1815.08,well,
D/B/RISM452509606-1-1-2.thm,265,2.23593,2.52164,75.4113,1815.08,1815.08,well,
D/B/RISM452509728-1-1-1.thm,266,1.95021,2.4138,9.52381,1815.08,1815.08,well,
D/B/RISM452509728-1-1-2.thm,266,1.84644,2.44644,38.9189,1815.08,1815.08,well,
D/B/RISM452509732-1-1-2.thm,267,2.72193,1.68548,56.3137,1815.08,1815.08,well,
D/B/RISM452509673-1-1-1.thm,268,2.12193,2.52193,41.4815,1815.08,1815.08,well,
D/B/RISM452509605-1-1-1.thm,271,2.4183,2.52206,42.4242,1815.08,1815.08,well,
D/B/RISM452509581-1-1-1.thm,272,2.24644,2.44644,98.7654,1815.08,1815.08,well,
D/B/RISM452509581-1-1-2.thm,272,2.50274,2.29883,66.2709,1815.08,1815.08,well,
D/B/RISM452509604-1-1-1.thm,273,2.30689,2.60624,65.7143,1815.08,1815.08,well,
D/B/RISM452509582-1-1-1.thm,275,2.17095,2.92193,44.4444,1815.08,1815.08,well,
D/B/RISM452509729-1-1-2.thm,276,2.28778,2.35353,45.2381,1815.08,1815.08,well,
D/B/RISM452509696-1-1-1.thm,277,2.72548,1.75272,40,1815.08,1815.08,well,
D/B/RISM452509631-1-1-1.thm,284,1.75,2.5,35.2381,1815.09,1815.09,well,
D/B/RISM452509608-1-1-1.thm,288,2.25776,2.66123,49.899,1815.09,1815.09,well,
D/B/RISM452509609-1-1-1.thm,289,2.75343,1.98523,39.6337,1815.09,1815.09,well,
D/B/RISM452509609-1-1-2.thm,289,1.56128,1.75,32.4859,1815.09,1815.09,well,
D/B/RISM452509717-1-1-1.thm,287/2,2.23127,1.97175,100.286,1815.09,1815.09,well,
D/B/RISM452509717-1-1-2.thm,287/2,1.87996,2.41938,52.963,1815.09,1815.09,well,
D/B/RISM452509718-1-1-1.thm,289/2,2.75343,1.98523,54.5055,1815.09,1815.09,well,
D/B/RISM452509569-1-1-1.thm,296,1.90564,2.15564,76.4626,1815.09,1815.1,well,autumn
D/B/RISM452509569-1-1-2.thm,296,2.5,2,73.8095,1815.09,1815.1,well,autumn
D/B/RISM452509739-1-1-2.thm,298,2.19716,2.11328,34.9206,1815.01,1815.1,well,
D/B/RISM452509738-1-1-1.thm,302,2.46924,2.2125,52.8571,1815.01,1815.1,well,
D/B/RISM452509658-1-1-1.thm,303,2.72193,2.12193,29.6296,1815.01,1815.1,well,
D/B/RISM452509659-1-1-1.thm,304,2.48171,2.66353,44,1815.01,1815.1,well,
D/B/RISM452509745-1-1-1.thm,305,2.28778,2.19201,,1815.01,1815.1,well,
D/B/RISM452509745-1-1-2.thm,305,2.41938,2.28104,35.2593,1815.01,1815.1,well,
D/B/RISM452509746-1-1-1.thm,306,1.90564,2.40564,19.0476,1815.01,1815.1,well,
D/B/RISM452509747-1-1-1.thm,307,2.69478,2.24929,36.5608,1815.01,1815.1,well,
D/B/RISM452509748-1-1-1.thm,308,1.92193,2.44644,48.8889,1815.01,1815.1,well,
D/B/RISM452509719-1-1-1.thm,309,1.89106,2.41938,67.5,1815.01,1815.1,well,
D/B/RISM452509720-1-1-1.thm,313,1.95021,2.23593,56.6667,1815.01,1815.1,well,
D/B/RISM452509721-1-1-1.thm,314,2.22219,2.84535,75.3651,1815.01,1815.1,well,
D/B/RISM452509722-1-1-1.thm,315,2.4116,2.56545,43.3333,1815.01,1815.1,well,
D/B/RISM452509725-1-1-1.thm,318,2.15564,2.40564,61.9048,1815.01,1815.1,well,
D/B/RISM452509726-1-1-1.thm,319,2.3899,2.33957,35.5556,1815.01,1815.1,well,
D/B/RISM452509726-1-1-2.thm,319,2.52164,2.52164,74.7619,1815.01,1815.1,well,
D/B/RISM452509723-1-1-1.thm,316/1,1.56128,1.06128,67.619,1815.01,1815.1,well,
B/Bc/RISM702003065-1-1-1.thm,328,1.83659,2.41938,73.3333,1815.11,1815.11,well,LATE AUTUMN
D/ALTbethmannhollweg/RISM452512886-1-1-2.thm,328,2.50326,2.11328,43.2456,1815.11,1815.11,well,LATE AUTUMN
D/B/RISM452509587-1-1-1.thm,330,1.84237,1.84237,56.6667,1815.12,1815.12,well,
D/B/RISM452509686-1-1-1.thm,357,2.25163,2.25163,40,1816.01,1816,well,
D/B/RISM452509580-1-1-1.thm,359,2.08496,2.62581,21.8182,1816.01,1816,well,
D/B/RISM452509580-1-1-2.thm,359,1.79248,2.25163,82.5926,1816.01,1816,well,
A/SWp/RISM650013942-1-1-1.thm,343/1,2.11481,2.54453,53.8908,1816.01,1816,well,CIRCA
A/SWp/RISM650013942-1-1-3.thm,343/1,1.92193,1.92193,16.6667,1816.01,1816,well,
A/Wn/RISM600258556-1-1-1.thm,368,1.98777,2.16198,94.58,1816.01,1816.01,well,BEGINNING OF 1816
CZ/Bm/RISM553003470-1-1-1.thm,368,2,2.25,48.3333,1816.01,1816.01,well,BEGINNING OF 1816
CZ/Bm/RISM553003470-1-1-2.thm,368,1.45915,1.45915,98.8095,1816.01,1816.01,well,BEGINNING OF 1816
D/B/RISM452509585-1-1-1.thm,371,1.55666,1.84237,64.4444,1816.01,1816.01,well,
D/B/RISM452509588-1-1-1.thm,377,0.863121,1.14883,56.6667,1816.02,1816.02,well,
D/B/RISM452509705-1-1-1.thm,383,2.3004,1.97494,47.3084,1816.02,1816.02,well,
D/B/RISM452509705-1-1-2.thm,383,0.954434,1.29879,69.4279,1816.02,1816.02,well,
D/B/RISM452509735-1-1-1.thm,387,1.57095,2.32193,88.8183,1816.03,1816.03,well,
D/B/RISM452509735-1-1-2.thm,387,1.79248,2.05459,96.5787,1816.03,1816.03,well,
D/B/RISM452509716-1-1-1.thm,389,2.50274,2.06404,33.3333,1816.03,1816.03,well,
D/B/RISM452509643-1-1-1.thm,392,2.45915,2.4183,18.1818,1816.03,1816.03,well,
D/B/RISM452509650-1-1-1.thm,394,1.57095,2.24644,31.8519,1816.03,1816.03,well,
D/B/RISM452509575-1-1-1.thm,402,2.5,1.06128,36.1905,1816.03,1816.03,well,
D/B/RISM452509575-1-1-2.thm,402,1.53948,2.23127,84.6609,1816.03,1816.03,well,
D/B/RISM452509577-1-1-1.thm,388/1,2.76411,2.64721,22.6667,1816.03,1816.03,well,
D/B/RISM452509577-1-1-2.thm,388/1,2.12193,2.16096,39.1489,1816.03,1816.03,well,
D/B/RISM452509560-1-1-1.thm,409,2.28104,2.41938,64.2857,1816.04,1816.04,well,
D/B/RISM452509594-1-1-1.thm,413,2.35353,2.56545,67.2222,1816.04,1816.04,well,
D/B/RISM452509651-1-1-1.thm,418,2.11808,2.48171,94.5238,1816.04,1816.04,well,
D/B/RISM452509670-1-1-1.thm,419,2.47291,2.52323,43.8095,1816.04,1816.04,well,
D/B/RISM452509670-1-1-2.thm,419,2.4116,2.35353,46.4713,1816.04,1816.04,well,
CH/CObodmer/RISM400090206-1-1-1.thm,159,2.06346,2.19679,68.6229,1816.05,1816.05,well,
D/B/RISM452509538-1-1-1.thm,159,2.12809,2.52164,72.2222,1816.05,1816.05,well,
D/B/RISM452509538-1-1-2.thm,159,1.75,2,56.6092,1816.05,1816.05,well,
D/B/RISM452509649-1-1-1.thm,404,2.64559,2.61058,36.9231,1816.03,1816.05,well,END OF MARCH TO APRIL
D/B/RISM452509648-1-1-1.thm,406,1.37878,2.23593,37.037,1816.03,1816.05,well,END OF MARCH TO APRIL
D/B/RISM452509648-1-1-2.thm,406,1.84237,2.23593,72.1769,1816.03,1816.05,well,END OF MARCH TO APRIL
D/B/RISM452509677-1-1-1.thm,407,2.59491,2.66353,86.4444,1816.03,1816.05,well,SPRING
D/B/RISM452509695-1-1-1.thm,427,2.04037,2.73216,50,1816.05,1816.05,well,
D/B/RISM452509654-1-1-1.thm,431,2.17095,2.44644,22.963,1816.05,1816.05,well,
D/B/RISM452509655-1-1-1.thm,433,2.52164,1.80735,32.967,1816.05,1816.05,well,
D/B/RISM452509655-1-1-2.thm,433,2.72548,1.44662,,1816.05,1816.05,well,
D/B/RISM452509653-1-1-1.thm,430/2,2.41896,1.84987,27.5,1816.05,1816.05,well,
D/B/RISM452509653-1-1-2.thm,430/2,2.17095,2.17095,30.9804,1816.05,1816.05,well,
D/B/RISM452509707-1-1-1.thm,439,1.58496,1.79248,148.571,1816.06,1816.06,well,
D/B/RISM452509707-1-1-2.thm,439,2.15564,1.54879,116.07,1816.06,1816.06,well,
D/B/RISM452509751-1-1-1.thm,440,1.97095,1.57095,48.8889,1816.06,1816.06,well,
D/B/RISM452509703-1-1-1.thm,443,2.25,2.25,75,1816.06,1816.06,well,
D/B/RISM452509656-1-1-1.thm,446,2.71929,2.56545,39.6867,1816.06,1816.06,well,
D/B/RISM452509656-1-1-2.thm,446,1.84237,1.37878,31.746,1816.06,1816.06,well,
D/B/RISM452509657-1-1-1.thm,447,2.62352,2.62352,47.7778,1816.06,1816.06,well,
D/B/RISM452509589-1-1-1.thm,449,2.7744,2.82782,33.515,1816.06,1816.06,well,
D/B/RISM452509589-1-1-2.thm,449,1.86763,2.11808,65.7398,1816.06,1816.06,well,
D/B/RISM452509690-1-1-1.thm,449,2.7744,2.82782,33.515,1816.06,1816.06,well,
A/RB/RISM600033735-1-1-1.thm,452,1.54879,1.75,43.2653,1816.06,1816.07,well,
B/Nimep/RISM706001933-1-1-1.thm,452,2.61265,2.27584,56.8922,1816.06,1816.07,well,
D/B/RISM452509614-1-1-1.thm,454,1.90564,2.75,59.0476,1816.07,1816.07,well,
D/B/RISM452509612-1-1-1.thm,455,2.62581,2.05459,12.1212,1816.07,1816.07,well,
D/B/RISM452509590-1-1-1.thm,456,2.69951,2.40667,23.8095,1816.07,1816.07,well,
D/B/RISM452509590-1-1-2.thm,456,2.15564,1.90564,22.619,1816.07,1816.07,well,
D/B/RISM452509558-1-1-1.thm,458,2.59958,2.7899,32,1816.07,1816.07,well,
D/B/RISM452509558-1-1-2.thm,458,1.85429,2.4116,72.2894,1816.07,1816.07,well,
D/B/RISM452509744-1-1-1.thm,462,2.32193,2.12193,40.803,1816.08,1816.08,well,
D/B/RISM452509660-1-1-1.thm,463,2.23127,2.48171,85,1816.08,1816.08,well,
D/B/RISM452509593-1-1-1.thm,464,2.13394,2.28778,53.7085,1816.08,1816.08,well,
D/B/RISM452509596-1-1-2.thm,466,2.5,2,44.5833,1816.08,1816.08,well,
D/B/RISM452509595-1-1-1.thm,465/1,1.83659,2.05881,53.3333,1816.08,1816.08,well,
A/SF/RISM600659256-1-1-1.thm,472,,1.20752,69.4043,1816.09,1816.09,well,
A/SF/RISM600659256-1-1-2.thm,472,,2.72193,66.2222,1816.09,1816.09,well,
D/B/RISM452509556-1-1-1.thm,475,2.19969,2.4997,15.1515,1816.09,1816.09,well,
D/B/RISM452509556-1-1-2.thm,475,1.90564,1.75,80.0538,1816.09,1816.09,well,
D/B/RISM452509576-1-1-1.thm,476,2.60481,2.5048,52.381,1816.09,1816.09,well,
D/B/RISM452509576-1-1-2.thm,476,1.90564,2.15564,81.3333,1816.09,1816.09,well,
D/B/RISM452509597-1-1-1.thm,482,2.72548,1.75272,31.1905,1816.09,1816.09,well,
D/B/RISM452509599-1-1-1.thm,483,2.45915,1.20752,41.8254,1816.09,1816.09,well,
D/B/RISM452509752-1-1-1.thm,486,2.34731,1.68794,58.1097,1816.09,1816.09,well,
D/B/RISM452509752-1-1-2.thm,486,2.12581,2.08496,54.0278,1816.09,1816.09,well,
CZ/Bm/RISM553003471-1-1-1.thm,478/2,1.48548,2.17095,104.108,1816.09,1816.09,well,
CZ/Bm/RISM553003471-1-1-2.thm,478/2,2.19716,2.19716,81.6162,1816.09,1816.09,well,
D/B/RISM452509750-1-1-1.thm,488,2.28778,2.81507,15.5556,1816.01,1816.1,well,
D/B/RISM452509750-1-1-2.thm,488,1.97494,1.75272,73.545,1816.01,1816.1,well,
D/B/RISM455025509-1-1-2.thm,489,2.4997,2.10391,121.283,1816.01,1816.1,well,
D/B/RISM452509668-1-1-1.thm,490,2.25163,2.58496,49.697,1816.01,1816.1,well,
D/B/RISM452509668-1-1-2.thm,490,2.19716,2.11328,55.9524,1816.01,1816.1,well,
D/B/RISM452509669-1-1-1.thm,491,1.90397,2.79335,105.556,1816.01,1816.1,well,
D/B/RISM452509669-1-1-2.thm,491,2.12809,2.52164,72.7473,1816.01,1816.1,well,
A/R/RISM600263488-1-1-1.thm,489/3,2.50326,1.75272,115.111,1816.01,1816.1,well,
A/SCH/RISM600503094-1-1-1.thm,489/3,2.28416,2.08496,85.1429,1816.01,1816.1,well,
CZ/Bm/RISM553003466-1-1-2.thm,489/3,2.50326,1.75272,113.136,1816.01,1816.1,well,
CZ/Pu/RISM550401178-1-1-1.thm,489/3,0,0.413817,6.06545,1816.01,1816.1,well,
CZ/Pu/RISM550401178-1-1-2.thm,489/3,2.4997,2.10391,121.28,1816.01,1816.1,well,
CZ/Pu/RISM550401970-1-1-1.thm,489/3,0,0.413817,6.06545,1816.01,1816.1,well,
CZ/Pu/RISM550401970-1-1-2.thm,489/3,2.4997,2.10391,121.283,1816.01,1816.1,well,
CZ/Pu/RISM550402743-1-1-1.thm,489/3,,0.49715,8.70261,1816.01,1816.1,well,
CZ/Pu/RISM550402743-1-1-2.thm,489/3,,2.10391,121.283,1816.01,1816.1,well,
D/B/RISM452027586-1-1-1.thm,489/3,2.4997,2.10391,120.307,1816.01,1816.1,well,
D/B/RISM452027586-1-1-2.thm,489/3,1,0.49715,2.90087,1816.01,1816.1,well,
D/B/RISM452509626-1-1-1.thm,496,1.78416,3.08496,33.3333,1816.11,1816.11,well,
D/B/RISM452509626-1-1-2.thm,496,2.12193,2.64644,41.4815,1816.11,1816.11,well,
CH/E/RISM403002060-1-1-1.thm,498,2.4116,2.46967,41.8254,1816.11,1816.11,well,
D/B/RISM452509623-1-1-1.thm,499,2.5,2.5,66.6667,1816.11,1816.11,well,
D/B/RISM452509621-1-1-1.thm,500,1.22439,1.83659,67.5,1816.11,1816.11,well,
D/B/RISM452509563-1-1-1.thm,502,2.29248,2.08496,18.1818,1816.11,1816.11,well,
D/B/RISM452509625-1-1-1.thm,501/1,1.50161,1.42379,61.0723,1816.11,1816.11,well,
D/B/RISM452509625-1-1-2.thm,501/1,2.23127,2.66353,59.2622,1816.11,1816.11,well,
D/B/RISM452509546-1-1-1.thm,507,1.97175,2.2999,27.3333,1816.12,1816.12,well,
D/B/RISM452509731-1-1-1.thm,510,2.625,2.40564,84.3114,1816.12,1816.12,well,
D/B/RISM452509731-1-1-2.thm,510,2.44644,2.92193,54.4545,1816.12,1816.12,well,
D/B/RISM452509545-1-1-2.thm,509/1,0.503258,1.22439,41.6667,1816.12,1816.12,well,
D/B/RISM452509598-1-1-2.thm,509/2,0.503258,1.22439,41.6667,1816.12,1816.12,well,
A/R/RISM600263485-1-1-1.thm,518,1.84237,2.12809,65.034,1817.01,1817,well,
D/B/RISM455036345-1-1-1.thm,518,2.13394,2.56545,70.2165,1817.01,1817,well,
D/B/RISM452509570-1-1-1.thm,295/1,1.89106,1.83659,16.6667,1815.09,1817,well,AUTUMN 1815 AND ? 1817
D/B/RISM452509570-1-1-2.thm,295/1,2,1.75,36.1111,1815.09,1817,well,AUTUMN 1815 AND ? 1817
CZ/Bm/RISM553003485-1-1-1.thm,517/2,2.67079,2.9791,87.3976,1817.01,1817,well,
CZ/Bm/RISM553003485-1-1-2.thm,517/2,1.78067,2.35539,102.679,1817.01,1817,well,
D/B/RISM452509586-1-1-1.thm,522,2.45915,1.89624,73.8783,1817.01,1817.01,well,
D/B/RISM452509586-1-1-2.thm,522,2.72548,2.05881,49.0741,1817.01,1817.01,well,
D/B/RISM452509622-1-1-1.thm,523,1.84237,2.23593,27.7778,1817.01,1817.01,well,
D/B/RISM452509730-1-1-1.thm,528,2.15564,1.75,66.6667,1817.01,1817.01,well,
CZ/Bm/RISM553003487-1-1-1.thm,524/3,2.17095,2.84644,20.3704,1817.01,1817.01,well,
CZ/Bm/RISM553003487-1-1-2.thm,524/3,2.17095,2.64644,37.3333,1817.01,1817.01,well,
A/SCH/RISM600503091-1-1-1.thm,527/2,1.82303,2.77736,86.5106,1817.01,1817.01,well,
CH/CObodmer/RISM400090205-1-1-1.thm,530,2.41938,2.19716,83.3333,1817.02,1817.02,well,
CZ/Bm/RISM553002046-1-1-1.thm,531,1.4183,1.78416,42.4242,1817.02,1817.02,well,
CZ/Bm/RISM553002046-1-1-2.thm,531,2.10391,2.14162,88.3694,1817.02,1817.02,well,
D/B/RISM452509578-1-1-1.thm,545/2,1.57095,1.96096,150,1817.03,1817.03,well,
D/B/RISM452509578-1-1-2.thm,545/2,2.48346,2.53064,59.4689,1817.03,1817.03,well,
D/B/RISM452509617-1-1-1.thm,554,2.30689,2.33012,72.3356,1817.04,1817.04,well,
D/B/RISM452509617-1-1-2.thm,554,2.11808,2.36852,58.4416,1817.04,1817.04,well,
D/B/RISM452509561-1-1-1.thm,561,2.55666,1.87025,33.8462,1817.05,1817.05,well,
D/B/RISM452509561-1-1-2.thm,561,2.68354,1.86383,44.5129,1817.05,1817.05,well,
D/B/RISM452509615-1-1-1.thm,562,2.35539,2.58496,30.303,1817.05,1817.05,well,
A/SCH/RISM600503089-1-1-1.thm,583,1.4183,1.78067,67.6923,1817.09,1817.09,well,
CH/Zz/RISM402000563-1-1-1.thm,586,2.5244,2.68004,87.9773,1817.09,1817.09,well,
A/R/RISM600263477-1-1-1.thm,594,1.06128,1.75,78.373,1817.11,1817.11,well,
D/B/RISM452509711-1-1-1.thm,596,1.6645,2.23593,62.2222,1817.11,1817.11,well,
D/B/RISM452509711-1-1-2.thm,596,1.6645,2.23593,79.619,1817.11,1817.11,well,
D/B/RISM452509671-1-1-2.thm,579/1,2.23593,2.23593,93.8889,1817.09,1817.11,well,SEP AND NOV
A/SF/RISM600659155-1-1-1.thm,598/2,2.12661,2.3496,81.7143,1817.12,1817.12,well,
D/B/RISM452509755-1-1-1.thm,599/3,2.92742,2.56087,9.1954,1818.01,1818,well,
CH/D/RISM401000186-1-1-1.thm,602/2,1.57095,2.12193,94.1799,1818.01,1818,well,UNCERTAIN
D/B/RISM452509687-1-1-2.thm,609,2.23127,2.04037,60.3636,1818.01,1818.01,well,
D/B/RISM452509573-1-1-1.thm,628,2.11808,2.22219,40.9091,1818.11,1818.11,well,
D/B/RISM452509572-1-1-1.thm,629,2.54926,2.47291,4.7619,1818.11,1818.11,well,
D/B/RISM452509572-1-1-2.thm,629,2.18872,3.08496,81.8056,1818.11,1818.11,well,
D/B/RISM452509571-1-1-1.thm,630,2.37878,2.21702,83.0382,1818.12,1818.12,well,
D/B/RISM452509571-1-1-2.thm,630,2.46772,2.35988,80.6838,1818.12,1818.12,well,
D/B/RISM452509618-1-1-1.thm,631,1.82307,2.11808,50.582,1818.12,1818.12,well,
D/B/RISM452509520-1-1-2.thm,636,2.16096,1.89546,69.9091,1819.01,1819,well,
D/B/RISM452509583-1-1-2.thm,646,2.12095,2.4138,61.3095,1819.01,1819.01,well,
CH/CObodmer/RISM400090208-1-1-1.thm,659,2.37878,1.98523,53.4921,1819.05,1819.05,well,
D/B/RISM452509551-1-1-1.thm,659,1.92193,2.32193,71.6667,1819.05,1819.05,well,
CH/CObodmer/RISM400090209-1-1-1.thm,660,1.95915,2.05459,86.6667,1819.05,1819.05,well,
CH/CObodmer/RISM400090210-1-1-1.thm,661,2.46132,2.28104,42.7451,1819.05,1819.05,well,
CH/CObodmer/RISM400090211-1-1-1.thm,662,2.35222,2.42379,52.6786,1819.05,1819.05,well,
D/B/RISM452509688-1-1-1.thm,666,1.52193,1.92193,156.389,1819.08,1819.08,well,BEGINNING OF AUGUST
D/B/RISM452509688-1-1-2.thm,666,2.41309,2.66353,69.6642,1819.08,1819.08,well,BEGINNING OF AUGUST
D/B/RISM452509761-1-1-1.thm,675,2.54926,2.73291,96.4493,1819.11,1819.11,well,
D/B/RISM452027471-1-1-1.thm,685,2.41896,2.77778,46.0358,1820.01,1820,well,
D/B/RISM452027471-1-1-2.thm,685,2.04879,2.14678,62.381,1820.01,1820,well,
D/B/RISM452509555-1-1-1.thm,687,2.4251,2.30098,69.6537,1820.01,1820.01,well,
D/B/RISM452509555-1-1-2.thm,687,1.6645,2.80735,75.3571,1820.01,1820.01,well,
CH/Lz/RISM402007139-1-1-1.thm,689,2.52323,1.9899,62.2876,1820.02,1820.02,well,
D/B/RISM452509566-1-1-1.thm,692,1.56832,2.11481,57.5309,1820.03,1820.03,well,
D/B/RISM452509566-1-1-2.thm,692,2.04644,2.32193,31.2281,1820.03,1820.03,well,
D/B/RISM452509567-1-1-1.thm,693,1.89106,2.05881,109.697,1820.03,1820.03,well,
D/B/RISM452509567-1-1-2.thm,693,1.79248,2.05459,128.03,1820.03,1820.03,well,
CH/BM/RISM402009099-1-1-1.thm,706,2.18872,1.95083,12.1212,1820.12,1820.12,well,
CH/BM/RISM402009099-1-1-2.thm,706,2.28416,1.95915,74.5767,1820.12,1820.12,well,
CZ/Bm/RISM553003486-1-1-1.thm,711,2.64644,2.92193,65.6213,1821.01,1821,well,UNCERTAIN
A/R/RISM600263483-1-1-1.thm,711/1,2.24644,1.68548,104.823,1821.01,1821.01,well,
D/ALTbethmannhollweg/RISM452512884-1-1-1.thm,713/2,2.12581,1.61401,45.4545,1821.01,1821.01,well,
D/ALTbethmannhollweg/RISM452512884-1-1-2.thm,713/2,2.29883,2.26381,64.652,1821.01,1821.01,well,
A/SF/RISM600659170-1-1-1.thm,716,1.84644,2.44644,67.7778,1821.02,1821.03,well,
D/B/RISM452509675-1-1-2.thm,721,1.56128,2.15564,75.3922,1821.03,1821.03,well,
A/SF/RISM600659156-1-1-1.thm,724,2.02024,2.54952,14.2857,1821.04,1821.04,well,
CH/E/RISM403008078-1-1-1.thm,724,1.5,1.75,12.5,1821.04,1821.04,well,
D/B/RISM452509689-1-1-1.thm,723/1,1.83659,2.05881,69.7619,1821.03,1821.05,well,SPRING
D/B/RISM452509689-1-1-2.thm,723/1,1.5,1.75,69.7619,1821.03,1821.05,well,SPRING
D/B/RISM452008801-1-1-1.thm,723/2,1.14883,1.95021,35.5556,1821.03,1821.05,well,SPRING
D/B/RISM452008801-1-1-2.thm,723/2,2.28104,2.6416,75,1821.03,1821.05,well,SPRING
D/B/RISM452509519-1-1-2.thm,723/2,2.04945,2.73216,41.9753,1821.03,1821.05,well,SPRING
D/B/RISM452509519-1-1-3.thm,723/2,2.6416,2.72548,94.5224,1821.03,1821.05,well,SPRING
D/B/RISM452509541-1-1-1.thm,723/2,1.85856,1.68582,48,1821.03,1821.05,well,SPRING
CZ/Pu/RISM550403102-1-1-1.thm,365,3.0706,3.04007,24.6914,1816.01,1821.07,well,
CZ/Pu/RISM550403102-1-10-1.thm,365,2.61265,2.64052,47.037,1816.01,1821.07,well,
CZ/Pu/RISM550403102-1-11-1.thm,365,2.64242,2.97175,31.1111,1816.01,1821.07,well,
CZ/Pu/RISM550403102-1-12-1.thm,365,2.90701,2.52973,32,1816.01,1821.07,well,
CZ/Pu/RISM550403102-1-13-1.thm,365,2.5037,2.98418,24.5614,1816.01,1821.07,well,
CZ/Pu/RISM550403102-1-14-1.thm,365,2.68128,2.34446,22.2222,1816.01,1821.07,well,
CZ/Pu/RISM550403102-1-15-1.thm,365,2.64203,2.31334,27.1605,1816.01,1821.07,well,
CZ/Pu/RISM550403102-1-16-1.thm,365,2.91719,2.71929,32,1816.01,1821.07,well,
CZ/Pu/RISM550403102-1-17-1.thm,365,2.59324,3.15787,34.6667,1816.01,1821.07,well,
CZ/Pu/RISM550403102-1-18-1.thm,365,2.53362,3.48213,38.8278,1816.01,1821.07,well,
CZ/Pu/RISM550403102-1-2-1.thm,365,2.73571,3.35591,2.29885,1816.01,1821.07,well,
CZ/Pu/RISM550403102-1-3-1.thm,365,2.66744,3.26698,21.4286,1816.01,1821.07,well,
CZ/Pu/RISM550403102-1-4-1.thm,365,2.74042,2.23096,34.321,1816.01,1821.07,well,
CZ/Pu/RISM550403102-1-5-1.thm,365,2.19052,1.76384,33.6842,1816.01,1821.07,well,
CZ/Pu/RISM550403102-1-6-1.thm,365,2.69623,2.13159,33.5897,1816.01,1821.07,well,
CZ/Pu/RISM550403102-1-7-1.thm,365,2.5048,2.03009,44.3452,1816.01,1821.07,well,
CZ/Pu/RISM550403102-1-8-1.thm,365,2.77219,2.77219,9.52381,1816.01,1821.07,well,
CZ/Pu/RISM550403102-1-9-1.thm,365,2.60291,3.03559,35.4023,1816.01,1821.07,well,
A/WIL/RISM605001750-1-1-1.thm,739,2.14926,1.8716,59.1837,1822.01,1822,well,
A/Wpp/RISM601000852-1-1-1.thm,739,2.23226,1.8716,59.1837,1822.01,1822,well,
D/ALTbethmannhollweg/RISM452512222-1-1-2.thm,741,2.68872,2.45083,49.7778,1822.01,1822,well,
CH/E/RISM403003103-1-1-1.thm,733/1,0,0.391244,54.1667,1822.01,1822,well,
A/SF/RISM600659157-1-1-1.thm,747,2.57782,2.43628,22.6667,1822.01,1822.01,well,
D/B/RISM452509693-1-1-1.thm,748,2.44644,2.12193,35.5556,1822.01,1822.01,well,
D/B/RISM452509693-1-1-2.thm,748,2.50326,2.05881,35.5556,1822.01,1822.01,well,
D/B/RISM452509562-1-1-1.thm,752,1.84644,1.29546,68.3598,1822.04,1822.04,well,
D/B/RISM452509562-1-1-2.thm,752,1.48336,2.05459,62.1429,1822.04,1822.04,well,
D/B/RISM452509549-1-1-1.thm,757,2.77672,2.26939,74.977,1822.08,1822.08,well,
A/Wd/RISM600245009-1-1-1.thm,678,1.29879,1.90564,65.9048,1819.11,1822.09,well,
A/Wd/RISM600245009-1-1-2.thm,678,1.22439,1.89106,65.0794,1819.11,1822.09,well,
A/SF/RISM600659172-1-1-1.thm,758,1.58496,0.918296,134.615,1822.09,1822.09,well,
A/SF/RISM600659172-1-1-2.thm,758,1.75272,1.89106,111.57,1822.09,1822.09,well,
A/SF/RISM600659159-1-1-1.thm,686/3,2.4116,2.60316,40.2564,1822.11,1822.11,unwell,
D/ALTbethmannhollweg/RISM452512686-1-1-1.thm,686/3,2.12193,2.12193,54.6032,1822.11,1822.11,unwell,
D/B/RISM452509574-1-1-1.thm,765,2.52193,2.44644,71.1111,1822.12,1822.12,unwell,BEGINNING OF DECEMBER
D/B/RISM452509574-1-1-2.thm,765,2.72193,2.04644,58.1818,1822.12,1822.12,unwell,BEGINNING OF DECEMBER
D/B/RISM452509568-1-1-1.thm,766,0.918296,1.18872,130.347,1822.12,1822.12,unwell,BEGINNING OF DECEMBER
D/B/RISM452509568-1-1-2.thm,766,1.72193,2.44644,79.3333,1822.12,1822.12,unwell,BEGINNING OF DECEMBER
CZ/Bm/RISM553003472-1-1-1.thm,768,1.87996,2.41938,40,1823.01,1823,unwell,CIRCA
CZ/Bm/RISM553003472-1-1-2.thm,768,1.67293,2.11808,78.7013,1823.01,1823,unwell,CIRCA
D/B/RISM452008769-1-1-1.thm,771,1.81128,1.75,65,1823.01,1823,unwell,UNCERTAIN
D/B/RISM452008769-1-1-2.thm,771,0.986427,1.65774,87.7778,1823.01,1823,unwell,UNCERTAIN
CH/E/RISM403010017-1-1-1.thm,776,1.90564,2.15564,80,1823.01,1823,unwell,
A/R/RISM600263487-1-1-1.thm,778,2.23593,2.52164,74.2857,1823.01,1823,unwell,
CZ/OSm/RISM550282143-1-1-1.thm,223,1.58496,1.58496,71.4286,1815.07,1823.01,unwell,1815.07 & 1823.01
CZ/OSm/RISM550282143-1-1-2.thm,223,2.58496,2.22125,64.3655,1815.07,1823.01,unwell,1815.07 & 1823.01
CZ/TAS/RISM552001022-1-1-1.thm,223,2.52164,1.84237,68.254,1815.07,1823.01,unwell,1815.07 & 1823.01
CZ/TAS/RISM552001022-1-1-2.thm,223,2.58496,1.45915,107.302,1815.07,1823.01,unwell,1815.07 & 1823.01
A/WIL/RISM600077602-1-1-1.thm,223/2,2.66329,2.28104,58.3436,1815.07,1823.01,unwell,1815.07 & 1823.01
A/WIL/RISM600077602-1-1-2.thm,223/2,2.70282,2,77.1,1815.07,1823.01,unwell,1815.07 & 1823.01
A/Wsfl/RISM600055839-1-1-1.thm,223/2,2.58496,1.45915,92.5714,1815.07,1823.01,unwell,1815.07 & 1823.01
A/Wsfl/RISM600055839-1-1-2.thm,223/2,2.70282,2,77.1,1815.07,1823.01,unwell,1815.07 & 1823.01
CZ/Pnm/RISM550270905-1-1-1.thm,223/2,2.70282,2,69.682,1815.07,1823.01,unwell,1815.07 & 1823.01
CZ/Pu/RISM550508696-1-1-1.thm,787/2,1.35678,1.96096,106.576,1823.03,1823.04,unwell,
CZ/Pu/RISM550508696-1-1-2.thm,787/2,2.16096,2.72193,83.0476,1823.03,1823.04,unwell,
CH/E/RISM403008077-1-1-1.thm,796/14,2.25163,2.25163,66.6667,1823.05,1823.1,unwell,
D/B/RISM452509710-1-1-2.thm,796/21,1.97175,1.49111,65.7343,1823.05,1823.1,unwell,
CH/D/RISM401000187-1-1-1.thm,819/1,2.64644,1.76096,84.7619,1823.01,1823.1,unwell,UNCERTAIN
D/B/RISM452008770-1-1-1.thm,819/5,1.87762,2.33226,62.5079,1823.01,1823.1,unwell,UNCERTAIN
D/B/RISM452008770-1-2-1.thm,819/5,1.83659,2.11328,53.3333,1823.01,1823.1,unwell,UNCERTAIN
D/B/RISM455036350-1-1-1.thm,795/1,2.44931,2.75316,43.7937,1823.05,1823.11,unwell,
D/B/RISM455036351-1-1-1.thm,795/15,2.52949,2.22043,91.1905,1823.05,1823.11,unwell,
CZ/Pk/RISM550280338-1-1-2.thm,795/16,1.72193,1.57095,57.1429,1823.05,1823.11,unwell,
CZ/Pk/RISM550280338-1-1-3.thm,795/16,2.17356,2.87291,36.127,1823.05,1823.11,unwell,
D/B/RISM455036353-1-1-1.thm,795/17,2.22821,2.66096,54.5595,1823.05,1823.11,unwell,
CH/E/RISM400104284-1-1-1.thm,795/19,2.13394,2.66123,57.9487,1823.05,1823.11,unwell,
CZ/Bm/RISM553002047-1-1-1.thm,795/19,0.811278,1.5,35,1823.05,1823.11,unwell,
CZ/Pu/RISM550508572-1-1-2.thm,795/2,2.19716,2.59967,43.8624,1823.05,1823.11,unwell,
CZ/Pk/RISM550280333-1-1-1.thm,795/3,1.54797,1.59494,6.06061,1823.05,1823.11,unwell,
CZ/Pk/RISM550280333-1-1-2.thm,795/3,2.25,2.75,47.4323,1823.05,1823.11,unwell,
CZ/Pk/RISM550280333-1-1-3.thm,795/3,2.3656,2.42258,76.7196,1823.05,1823.11,unwell,
CZ/Pk/RISM550280334-1-1-2.thm,795/4,1.97494,2.41938,29.6296,1823.05,1823.11,unwell,
CZ/Pk/RISM550280334-1-1-3.thm,795/4,2.3994,2.43004,55.4177,1823.05,1823.11,unwell,
CZ/Pk/RISM550280335-1-1-1.thm,795/6,2.68872,2.52206,94.9888,1823.05,1823.11,unwell,
CZ/Pk/RISM550280335-1-1-2.thm,795/6,1.84237,2.23593,40,1823.05,1823.11,unwell,
CZ/Pk/RISM550280335-1-1-3.thm,795/6,2.61058,2.61058,84.881,1823.05,1823.11,unwell,
CZ/Pu/RISM550401285-1-1-2.thm,795/7,2.80869,2.42113,102.869,1823.05,1823.11,unwell,
D/B/RISM452027021-1-1-1.thm,795/7,2.52193,2.32193,107.333,1823.05,1823.11,unwell,
D/B/RISM452027021-1-1-2.thm,795/7,1.21003,1.21003,6.44521,1823.05,1823.11,unwell,
CH/E/RISM400104274-1-1-1.thm,795/8,2.16096,2.32193,73.4697,1823.05,1823.11,unwell,
CH/SGd/RISM402007029-1-1-1.thm,795/8,2.66387,2.70869,66.4006,1823.05,1823.11,unwell,
CZ/Pk/RISM550280336-1-1-1.thm,795/8,2.35846,2.95282,52.8571,1823.05,1823.11,unwell,
CZ/Pk/RISM550280336-1-1-2.thm,795/8,2.15564,2.5,59.6537,1823.05,1823.11,unwell,
CZ/Pk/RISM550280336-1-1-3.thm,795/8,2.22219,2.2999,95.6522,1823.05,1823.11,unwell,
CZ/Pk/RISM550280337-1-1-1.thm,795/9,2.28925,2.33291,44.4444,1823.05,1823.11,unwell,
CZ/Pk/RISM550280337-1-1-3.thm,795/9,2.11808,2.73216,18.1818,1823.05,1823.11,unwell,
A/RB/RISM600033731-1-1-1.thm,797/4,1.06128,1.54879,82.8571,1823.01,1823.11,unwell,AUTUMN
CZ/Pu/RISM550503068-1-1-1.thm,797/7,1.15678,1.96096,22.2222,1823.01,1823.11,unwell,AUTUMN
CZ/Pu/RISM550503068-1-1-2.thm,797/7,1.82307,2.36852,29.4161,1823.01,1823.11,unwell,AUTUMN
CZ/Pu/RISM550503069-1-1-1.thm,797/8,2.31582,2.66123,51.3492,1823.01,1823.11,unwell,AUTUMN
CZ/Pu/RISM550503069-1-1-2.thm,797/8,1.65774,1.89106,43.6214,1823.01,1823.11,unwell,AUTUMN
A/SF/RISM600659255-1-1-1.thm,799,1.4183,2.08496,41.454,1824.01,1824,uncertain,UNCERTAIN
A/SF/RISM600659255-1-1-2.thm,799,1.57095,1.84644,72.7937,1824.01,1824,uncertain,UNCERTAIN
A/R/RISM600263486-1-1-1.thm,801,2.23127,2.66353,62.5108,1824.01,1824,uncertain,
D/B/RISM452509727-1-1-1.thm,808,0,0.439497,70,1824.03,1824.03,unwell,
D/B/RISM452509727-1-1-2.thm,808,2.05881,2.6416,58.2716,1824.03,1824.03,unwell,
A/RB/RISM600033738-1-1-1.thm,809,1.57095,2.32193,59.8413,1824.03,1824.03,unwell,
D/B/RISM452513041-1-1-1.thm,809,2.19249,1.39086,23.8889,1824.03,1824.03,unwell,
D/B/RISM452513110-1-1-1.thm,809,2.19249,1.39086,23.8889,1824.03,1824.03,unwell,
CH/ZGm/RISM400039283-1-1-1.thm,783/1,1.892,2.4997,33.8889,1823.01,1824.11,well,
CH/ZGm/RISM400039289-1-1-1.thm,783/10,2.32193,1.96096,37.8947,1823.01,1824.11,well,
CH/ZGm/RISM400039290-1-1-1.thm,783/11,2.25163,1.95915,19.6581,1823.01,1824.11,well,
CH/ZGm/RISM400039288-1-1-1.thm,783/12,2.6416,2.41151,15.6863,1823.01,1824.11,well,
CH/ZGm/RISM400039292-1-1-1.thm,783/13,2.28064,1.91974,51.0119,1823.01,1824.11,well,
CH/ZGm/RISM400039291-1-1-1.thm,783/15,1.29574,1.66918,83.0427,1823.01,1824.11,well,
CH/ZGm/RISM400039284-1-1-1.thm,783/2,2.14926,2.3899,68.4956,1823.01,1824.11,well,
CH/ZGm/RISM400039285-1-1-1.thm,783/3,1.92119,1.95021,49.3773,1823.01,1824.11,well,
CH/ZGm/RISM400039286-1-1-1.thm,783/5,2.31128,2.52178,35.991,1823.01,1824.11,well,
CH/ZGm/RISM400039287-1-1-1.thm,783/7,1.92118,2.04618,45.6818,1823.01,1824.11,well,
D/B/RISM452509681-1-1-1.thm,826,2.06128,2.07782,26.6667,1825.01,1825,well,UNCERTAIN
D/B/RISM452509681-1-1-2.thm,826,2.4997,2.28778,29.4872,1825.01,1825,well,
A/SF/RISM600659257-1-1-2.thm,828,2.16198,2.19969,93.29,1825.01,1825,well,
D/B/RISM452509756-1-1-1.thm,824/5,1.78993,1.86763,34.2857,1825.01,1825,well,CIRCA
D/B/RISM452509757-1-1-1.thm,824/6,2.64979,2.43707,37.037,1825.01,1825,well,CIRCA
D/ALTbethmannhollweg/RISM452512684-1-1-2.thm,827/2,2.11328,2.72548,83.109,1825.01,1825,well,UNCERTAIN
A/R/RISM600263476-1-1-1.thm,834,2.37095,1.89546,36.0833,1825.03,1825.03,well,SPRING OR SUMMER
A/R/RISM600263474-1-1-1.thm,834/2,2.37095,2.17095,20,1825.03,1825.03,well,
D/B/RISM452509543-1-1-1.thm,843,0,0.468996,50.3704,1825.04,1825.04,well,
D/B/RISM455025530-1-1-1.thm,843,1.53949,0.847585,50.6767,1825.04,1825.04,well,
D/B/RISM455025530-1-1-2.thm,843,2.30719,2.01192,68.2884,1825.04,1825.04,well,
D/B/RISM455026654-1-1-1.thm,843,2.43552,1.82887,46.6138,1825.04,1825.04,well,
D/B/RISM455026654-1-1-2.thm,843,0,0.468996,50.3704,1825.04,1825.04,well,
CH/BM/RISM400110495-1-1-1.thm,845,0,0.591673,133.333,1825.05,1825.05,well,UNCERTAIN OF MONTH
CH/BM/RISM400109783-1-1-1.thm,835,1.97095,2.04644,90.2934,1825.03,1825.08,well,SPRING OR SUMMER
CZ/Pu/RISM550401191-1-1-1.thm,839,1.78838,2.19047,24.188,1825.03,1825.08,well,SPRING OR SUMMER
CZ/Pu/RISM550401191-1-1-2.thm,839,2.15597,1.52164,77.1429,1825.03,1825.08,well,SPRING OR SUMMER
CZ/Pu/RISM550402009-1-1-1.thm,839,1.78838,2.19047,21.1126,1825.03,1825.08,well,SPRING OR SUMMER
CZ/Pu/RISM550402009-1-1-2.thm,839,2.15597,1.52164,72.9944,1825.03,1825.08,well,SPRING OR SUMMER
D/ALTbethmannhollweg/RISM452512680-1-1-1.thm,839,1.52193,1.72193,13.3333,1825.03,1825.08,well,SPRING OR SUMMER
D/ALTbethmannhollweg/RISM452512680-1-1-2.thm,839,1.79248,1.9183,116.617,1825.03,1825.08,well,SPRING OR SUMMER
D/B/RISM455025528-1-1-2.thm,839,2.25355,1.72953,68.9329,1825.03,1825.08,well,SPRING OR SUMMER
D/B/RISM455025529-1-1-1.thm,846,1.26077,1.56931,100,1825.08,1825.08,well,SUMMER
D/B/RISM455025529-1-1-2.thm,846,1.97724,2.22322,94.0037,1825.08,1825.08,well,SUMMER
D/B/RISM452509547-1-1-2.thm,852/2,1.25163,1.79248,63.6508,1825.08,1825.08,well,
D/B/RISM452509547-1-1-3.thm,852/2,1.56128,1.29879,71.2018,1825.08,1825.08,well,
D/B/RISM452509548-1-1-3.thm,852/2,1.56128,1.29879,71.2018,1825.08,1825.08,well,
D/B/RISM452509676-1-1-1.thm,855,1.90564,1.81128,28.5714,1825.09,1825.09,well,
D/B/RISM452509676-1-1-2.thm,855,2.72193,2.32193,45.2381,1825.09,1825.09,well,
D/B/RISM452509760-1-1-2.thm,855,2.72193,2.32193,45.4167,1825.09,1825.09,well,
CH/D/RISM401000185-1-1-1.thm,859,1.48548,2.04644,70.8642,1825.12,1825.12,well,
D/B/RISM452509627-1-1-1.thm,829,1.55666,2.80735,14.2836,1825.01,1826,well,
CZ/Pu/RISM550508789-1-1-1.thm,870,2.25786,2.52178,22.2222,1826.01,1826,well,
CZ/Pu/RISM550508789-1-1-2.thm,870,2.28802,2.55218,31.5741,1826.01,1826,well,
D/ALTbethmannhollweg/RISM452512546-1-1-2.thm,870,2.28802,2.55218,31.5741,1826.01,1826,well,
D/ALTbethmannhollweg/RISM452512547-1-1-1.thm,871,0,0.543564,100,1826.01,1826,well,
D/ALTbethmannhollweg/RISM452512548-1-1-2.thm,880,1.68548,2.17095,80.209,1826.03,1826.03,well,
CZ/Bm/RISM553003473-1-1-1.thm,889,1.98083,2.1867,74.6667,1826.07,1826.07,well,
CZ/Bm/RISM553003473-1-1-2.thm,889,2.41938,2.6416,80.5745,1826.07,1826.07,well,
D/B/RISM455030975-1-1-2.thm,889,2.49808,2.53415,74.8139,1826.07,1826.07,well,
A/SF/RISM600659171-1-1-1.thm,891,1.54659,1.50588,20,1826.07,1826.07,well,
A/SF/RISM600659171-1-1-2.thm,891,2.41592,2.65656,42.4561,1826.07,1826.07,well,
CH/Zz/RISM402000560-1-1-1.thm,891,2.41938,2.50326,70.7602,1826.07,1826.07,well,
A/Sfr/RISM655000630-1-1-1.thm,893,1.86763,2.11808,65.8413,1826.09,1826.09,well,
A/Sfr/RISM655000630-1-1-2.thm,893,1.77095,2.32193,51.8519,1826.09,1826.09,well,
CZ/Pu/RISM550503118-1-1-1.thm,893,1.77095,2.32193,62.4691,1826.09,1826.09,well,
CZ/TAS/RISM553007113-1-2-1.thm,872,2.03064,2.3496,31.1111,1826.01,1827,uncertain,
A/Sfr/RISM655000634-1-1-1.thm,901,2.55591,2.57356,85.0811,1827.01,1827,uncertain,UNCERTAIN
A/Sfr/RISM655000634-1-1-2.thm,901,1.39958,1.68948,85.0811,1827.01,1827,uncertain,UNCERTAIN
A/RB/RISM600192523-1-1-1.thm,902/2,1.9183,2.25163,89.2857,1827.01,1827,uncertain,
A/Wn/RISM600258483-1-1-1.thm,903,2.19969,2.4116,75.3846,1827.01,1827.01,well,
CH/E/RISM403000921-1-1-1.thm,913,1.84237,2.12809,83.9791,1827.04,1827.04,well,
CH/LAc/RISM402005978-1-2-1.thm,913,1.45943,2.25355,55.945,1827.04,1827.04,well,
CH/BEms/RISM402001373-1-1-1.thm,921,2.52206,2.75163,97.2342,1827.07,1827.07,well,
D/B/RISM455036347-1-1-2.thm,926,2.65656,2.55591,26.5795,1827.01,1827.1,well,UNCERTAIN
D/B/RISM455025522-1-1-1.thm,911/10,2.12581,2.62581,90.9091,1827.02,1827.1,well,
D/B/RISM455025522-1-1-2.thm,911/10,2.40564,2.5244,61.875,1827.02,1827.1,well,
A/Sfr/RISM655000559-1-1-1.thm,911/13,0.918296,1.35164,77.0245,1827.02,1827.1,well,
D/ALTbethmannhollweg/RISM452512688-1-1-1.thm,911/18,2.45915,2.39624,18.1818,1827.02,1827.1,well,
D/ALTbethmannhollweg/RISM452512688-1-1-2.thm,911/18,2.05881,1.87996,56.6667,1827.02,1827.1,well,
CH/BM/RISM400110489-1-1-1.thm,911/20,1.84237,2.11796,21.685,1827.02,1827.1,well,
CH/E/RISM400104813-1-1-1.thm,911/5,2.04584,2.28778,75.8586,1827.02,1827.1,well,
CH/E/RISM403002546-1-1-1.thm,911/5,1.37878,1.6645,51.1111,1827.02,1827.1,well,
CH/E/RISM403010008-1-1-1.thm,911/5,1.37878,1.6645,51.1111,1827.02,1827.1,well,
CH/E/RISM403010567-1-1-1.thm,911/5,1.5,1.54879,68.9796,1827.02,1827.1,well,
CH/E/RISM403013021-1-1-1.thm,911/5,2.04584,2.28778,75.8586,1827.02,1827.1,well,
CH/E/RISM403013094-1-1-1.thm,911/5,2.04584,2.28778,75.8586,1827.02,1827.1,well,
D/ALTbethmannhollweg/RISM452512689-1-1-1.thm,911/6,1.52193,2.12193,54.9447,1827.02,1827.1,well,
D/ALTbethmannhollweg/RISM452512689-1-1-2.thm,911/6,1.84644,2.92193,55.6414,1827.02,1827.1,well,
D/B/RISM455033644-1-1-1.thm,930,2.03064,2.25161,20.3616,1827.11,1827.11,unwell,
D/B/RISM453500690-1-1-1.thm,931,2.2999,2.66353,68,1827.11,1827.11,unwell,
A/R/RISM600263484-1-1-1.thm,932,1.56128,1.40564,73.7255,1827.11,1827.11,unwell,
D/B/RISM452509680-1-1-1.thm,936,2.52164,2.12809,65.034,1827.12,1827.12,unwell,
CH/Zz/RISM402001095-1-1-1.thm,935/2,2.00489,2.22219,48,1827.12,1827.12,unwell,
D/B/RISM452509734-1-1-2.thm,937,2.62581,2.45915,54.2735,1828.01,1828,uncertain,
CH/Zz/RISM402001094-1-1-1.thm,780/3,2.11808,2.05904,,1823.01,1828,uncertain,UNCERTAIN 1828
CH/Zz/RISM402001093-1-1-1.thm,780/6,2.65656,2.82258,66.6667,1823.01,1828,uncertain,UNCERTAIN 1828
D/B/RISM452509542-1-1-2.thm,943,2.05881,2.50326,75.8043,1828.03,1828.03,unwell,
A/R/RISM600263475-1-1-1.thm,957/1,1.89546,2.37095,63.4286,1828.08,1828.08,unwell,
CZ/Pu/RISM550508092-1-1-2.thm,957/1,1.89546,2.37095,63.4286,1828.08,1828.08,unwell,
CZ/Pu/RISM550508099-1-1-1.thm,957/10,0.918296,0.816689,66.6667,1828.08,1828.08,unwell,
CZ/Pu/RISM550508099-1-1-2.thm,957/10,2.15564,2.75,52.9762,1828.08,1828.08,unwell,
CZ/Pu/RISM550508101-1-1-1.thm,957/11,0,0.921928,17.284,1828.08,1828.08,unwell,
CZ/Pu/RISM550508101-1-1-2.thm,957/11,0.543564,1.29879,138.889,1828.08,1828.08,unwell,
CH/E/RISM403006401-1-1-1.thm,957/12,1.65774,2.41938,89.8148,1828.08,1828.08,unwell,
CH/Zz/RISM402000564-1-1-1.thm,957/12,1.65774,2.41938,89.8148,1828.08,1828.08,unwell,
CZ/Pu/RISM550508102-1-1-1.thm,957/12,2.04644,2.32193,74.5833,1828.08,1828.08,unwell,
CZ/Pu/RISM550508102-1-1-2.thm,957/12,1.57095,2.37095,90.8333,1828.08,1828.08,unwell,
CZ/Pu/RISM550508103-1-1-2.thm,957/13,0.921928,1.77095,108.524,1828.08,1828.08,unwell,
D/B/RISM455030984-1-1-2.thm,957/13,0.921928,1.77095,108.524,1828.08,1828.08,unwell,
CZ/Pu/RISM550508093-1-1-1.thm,957/2,0.811278,0.816689,83.5537,1828.08,1828.08,unwell,
CZ/Pu/RISM550508093-1-1-2.thm,957/2,2.26381,2.75343,94.1648,1828.08,1828.08,unwell,
CZ/Pu/RISM550508094-1-1-1.thm,957/3,0,1.06128,52.5041,1828.08,1828.08,unwell,
CZ/Pu/RISM550508094-1-1-2.thm,957/3,1.83659,2.19716,56,1828.08,1828.08,unwell,
B/Bc/RISM702003091-1-1-1.thm,957/4,2.29879,2.28064,56.0242,1828.08,1828.08,unwell,
B/Bc/RISM702003091-1-1-2.thm,957/4,1.33827,1.64022,17.7778,1828.08,1828.08,unwell,
B/Bc/RISM705000093-1-1-1.thm,957/4,1,1.29546,62.963,1828.08,1828.08,unwell,
B/Bc/RISM705000093-1-1-2.thm,957/4,2.29879,2.28064,67.7289,1828.08,1828.08,unwell,
B/Bc/RISM705001893-1-1-1.thm,957/4,0.970951,0.921928,13.3333,1828.08,1828.08,unwell,
B/Bc/RISM705001893-1-1-2.thm,957/4,2.29879,2.28064,58.4048,1828.08,1828.08,unwell,
CZ/Pu/RISM550401967-1-1-1.thm,957/4,0.970951,0.921928,13.3333,1828.08,1828.08,unwell,
CZ/Pu/RISM550401967-1-1-2.thm,957/4,2.29879,2.40564,69.7768,1828.08,1828.08,unwell,
CZ/Pu/RISM550403192-1-1-1.thm,957/4,2.31574,2.39081,65.9229,1828.08,1828.08,unwell,
D/B/RISM455030977-1-1-1.thm,957/4,2.29879,2.28064,67.7289,1828.08,1828.08,unwell,
CZ/Pu/RISM550508095-1-1-1.thm,957/5,0,0.413817,6.06545,1828.08,1828.08,unwell,
CZ/Pu/RISM550508095-1-1-2.thm,957/5,1.75,2.5,88.3364,1828.08,1828.08,unwell,
CZ/Pu/RISM550508096-1-1-1.thm,957/6,0.863121,1.37878,50,1828.08,1828.08,unwell,
CZ/Pu/RISM550508096-1-1-2.thm,957/6,1.20752,1.89624,66.8182,1828.08,1828.08,unwell,
CZ/Pu/RISM550508100-1-1-2.thm,957/7,2.37095,2.16096,90.3274,1828.08,1828.08,unwell,
CZ/Pu/RISM550508097-1-1-2.thm,957/8,1.92417,2.80735,128.872,1828.08,1828.08,unwell,
D/ALTbethmannhollweg/RISM452512885-1-1-1.thm,957/8,1.68582,2.55034,97.3636,1828.08,1828.08,unwell,
D/ALTbethmannhollweg/RISM452512885-1-1-2.thm,957/8,1.84237,2.12809,115.952,1828.08,1828.08,unwell,
CZ/Pu/RISM550508098-1-1-1.thm,957/9,1.65774,2.19716,48.8636,1828.08,1828.08,unwell,
CZ/Pu/RISM550508098-1-1-2.thm,957/9,2.62352,2.44163,90.0782,1828.08,1828.08,unwell,
CH/Zz/RISM402001102-1-1-1.thm,956,2.79248,2.54772,57.0144,1828.08,1828.09,unwell,UNCERTAIN
A/SF/RISM600659168-1-1-1.thm,965,1.05298,1.55894,59.2292,1828.01,1828.1,unwell,
A/SF/RISM600659168-1-1-2.thm,965,1.78416,2.52206,83.8212,1828.01,1828.1,unwell,
A/SF/RISM600659169-1-1-1.thm,965,1.05298,1.55894,59.2292,1828.01,1828.1,unwell,
D/ALTbethmannhollweg/RISM452512406-1-1-1.thm,965,1.05298,1.55894,59.2292,1828.01,1828.1,unwell,
CZ/Bm/RISM553002045-1-1-1.thm,965A,1.5,1.75,51.6667,1828.01,1828.1,unwell,
CZ/Bm/RISM553002045-1-1-2.thm,965A,1.68548,1.96096,36.6667,1828.01,1828.1,unwell,
CZ/Pu/RISM550508104-1-1-1.thm,965A,1.9183,2.12581,51.6667,1828.01,1828.1,unwell,
CZ/Pu/RISM550508104-1-1-2.thm,965A,1.68548,1.96096,48.6667,1828.01,1828.1,unwell,
A/RZ/RISM600263172-1-1-1.thm,324,1.45915,2.25163,121.227,1815.11,UNKNOWN,uncertain,
CZ/ND/RISM550245548-1-1-1.thm,324,2.30504,1.92118,36.8254,1815.11,UNKNOWN,uncertain,
CZ/ND/RISM550245548-1-1-2.thm,324,0.918296,1.58496,134.961,1815.11,UNKNOWN,uncertain,
A/SF/RISM600659161-1-1-1.thm,983,2.37456,2.49808,100.034,UNKNOWN,UNKNOWN,uncertain,
A/RB/RISM600033741-1-1-1.thm,985,1.81128,1.75,107.955,UNKNOWN,UNKNOWN,uncertain,
A/SF/RISM600659162-1-1-1.thm,983A,2.25,2.5244,64,UNKNOWN,UNKNOWN,uncertain,
CH/E/RISM403008079-1-1-1.thm,983A,2.28104,1.65774,68.3333,UNKNOWN,UNKNOWN,uncertain,
A/SF/RISM600659163-1-1-1.thm,983B,2.10846,2.47722,63.3016,UNKNOWN,UNKNOWN,uncertain,
B/Bc/RISM703003012-1-1-1.thm,983B,2.29427,2.46507,50.989,UNKNOWN,UNKNOWN,uncertain,
D/B/RISM455025848-1-1-1.thm,983B,2.26627,2.43707,50.3175,UNKNOWN,UNKNOWN,uncertain,
A/SF/RISM600659164-1-1-1.thm,983C,2.4138,2.15597,90.7937,UNKNOWN,UNKNOWN,uncertain,
CH/E/RISM403002815-1-1-1.thm,983C,1.52193,1.92193,136.508,UNKNOWN,UNKNOWN,uncertain,
CZ/Pu/RISM550403096-1-1-1.thm,983C,2.33292,2.60851,80.1099,UNKNOWN,UNKNOWN,uncertain,
CZ/Pu/RISM550503108-1-1-1.thm,983C,2.52193,2.44644,85.5026,UNKNOWN,UNKNOWN,uncertain,
A/Wps/RISM600258681-1-1-2.thm,deest,2.36852,2.04037,42.011,,,uncertain,add D. #'s to the rest?
B/Br/RISM701001303-1-1-1.thm,deest,2.11808,2.2999,48,,,uncertain,
CH/ZGm/RISM400039293-1-1-1.thm,deest,1.9746,1.42379,45.3014,,,uncertain,
D/AG/RISM230002721-1-1-1.thm,deest,1.0958,1.68582,71.1429,,,uncertain,
D/B/RISM464000510-1-1-1.thm,deest,0.905587,1.03892,11.6883,,,uncertain,
D/B/RISM464000510-1-1-2.thm,deest,2.07994,1.76774,10.3591,,,uncertain,
D/BAUm/RISM220001249-1-1-1.thm,deest,2.48346,2.5244,41.164,,,uncertain,
A/MT/RISM600258003-1-1-1.thm,,,2.58496,40,,,uncertain,
A/N/RISM601000112-1-1-1.thm,,2.11808,2.2999,48,,,uncertain,
A/R/RISM600263489-1-1-1.thm,,2.44644,2.92193,44.4444,,,uncertain,
A/RZ/RISM600263171-1-1-1.thm,,3.0958,2.48171,44.332,,,uncertain,
A/RZ/RISM600263175-1-1-1.thm,,2.19716,2.41938,48.3333,,,uncertain,
A/SF/RISM600659166-1-1-1.thm,,1.90564,1.81128,29.5238,,,uncertain,
A/SF/RISM600659167-1-1-1.thm,,2.46625,2.46625,56.9231,,,uncertain,
A/ST/RISM650007828-1-1-1.thm,,2.24939,2.65311,,,,uncertain,
A/VOR/RISM600055635-1-1-1.thm,,2.09307,2.14883,42.0513,,,uncertain,
A/VOR/RISM600055636-1-1-1.thm,,2.41592,2.57356,60.4762,,,uncertain,
A/Wdp/RISM600501435-1-1-1.thm,,2.11808,2.2999,48,,,uncertain,
A/Whk/RISM600243235-1-1-1.thm,,2.17095,2.17095,67.1958,,,uncertain,
A/WIL/RISM600077600-1-1-1.thm,,2.09307,2.14883,42.0513,,,uncertain,
A/Wm/RISM600054773-1-1-1.thm,,2.12193,2.04644,100.009,,,uncertain,
A/Z/RISM600067030-1-1-1.thm,,1.92193,1.92193,16.6667,,,uncertain,
A/Z/RISM600067031-1-1-1.thm,,2.5,2.15564,45.1701,,,uncertain,
A/Z/RISM600067031-1-1-2.thm,,2.50326,1.75272,51.4597,,,uncertain,
B/Asj/RISM702005894-1-1-1.thm,,2.01313,2.07291,17.7778,,,uncertain,
B/Asj/RISM702005894-1-1-2.thm,,2.45915,2.58496,24.8485,,,uncertain,
B/MEaa/RISM702007333-1-1-1.thm,,2.81592,2.09893,58.0851,,,uncertain,
B/MEaa/RISM702007333-1-1-2.thm,,2.33226,2.64208,15.5929,,,uncertain,
B/MEaa/RISM702007469-1-1-1.thm,,2.40855,2.20899,48.8889,,,uncertain,
B/MEaa/RISM702007469-1-1-2.thm,,2.52912,2.87482,18.1982,,,uncertain,
CH/BM/RISM400108354-1-2-1.thm,,1.38627,1.55773,42.3529,,,uncertain,
CH/BM/RISM400108354-1-3-1.thm,,2.04195,2.14647,36.1905,,,uncertain,
CH/BM/RISM400108354-1-4-1.thm,,2.60624,2.2798,42.9932,,,uncertain,
CH/BM/RISM400108354-1-5-1.thm,,2.3899,2.3656,49.8065,,,uncertain,
CH/BM/RISM400108354-1-6-1.thm,,2.37297,1.95806,62.4933,,,uncertain,
CH/BM/RISM400108464-1-1-1.thm,,1.82561,1.74647,36.1905,,,uncertain,
CH/BM/RISM400108464-1-2-1.thm,,2.4116,2.56545,62.3016,,,uncertain,
CH/BM/RISM400108464-1-3-1.thm,,1.85429,2.07587,31.1111,,,uncertain,
CH/BM/RISM400110497-1-1-1.thm,,2.55666,2.75343,94.6825,,,uncertain,
CH/E/RISM403002852-1-1-1.thm,,2.52164,2.23593,11.1111,,,uncertain,
CH/E/RISM403002858-1-1-1.thm,,2.50326,1.75272,41.6667,,,uncertain,
CH/E/RISM403007581-1-1-1.thm,,2.58496,2.68872,24.2424,,,uncertain,
CH/E/RISM403007589-1-1-1.thm,,2.32486,1.87025,77.9044,,,uncertain,
CH/E/RISM403007595-1-1-1.thm,,2.25,1.90564,15,,,uncertain,
CH/E/RISM403007600-1-1-1.thm,,1.92193,1.84644,74,,,uncertain,
CH/E/RISM403007606-1-1-1.thm,,1.78993,2.59491,71.8116,,,uncertain,
CH/E/RISM403007625-1-1-1.thm,,1.6645,2.23593,43.3333,,,uncertain,
CH/E/RISM403007637-1-1-1.thm,,1.49492,2.11808,92.9762,,,uncertain,
CH/E/RISM403007657-1-1-1.thm,,1.49111,1.49111,81.4815,,,uncertain,
CH/E/RISM403007664-1-1-1.thm,,2.23593,2.52164,71.4286,,,uncertain,
CH/E/RISM403007702-1-1-1.thm,,2.44644,2.64644,84.9231,,,uncertain,
CH/E/RISM403007708-1-1-1.thm,,2.12193,2.72193,80.6667,,,uncertain,
CH/E/RISM403007711-1-1-1.thm,,2.41938,2.19716,80.3486,,,uncertain,
CZ/Bm/RISM553002113-1-1-1.thm,,2.19716,2.19716,57.8571,,,uncertain,
CZ/Bm/RISM553002113-1-10-1.thm,,2.29248,2.52206,30,,,uncertain,
CZ/Bm/RISM553002113-1-11-1.thm,,2.28104,1.22439,70.8333,,,uncertain,
CZ/Bm/RISM553002113-1-12-1.thm,,2.4116,2.19969,27.7778,,,uncertain,
CZ/Bm/RISM553002113-1-13-1.thm,,2.15564,2.15564,60,,,uncertain,
CZ/Bm/RISM553002113-1-15-1.thm,,2.50326,2.05881,61.9444,,,uncertain,
CZ/Bm/RISM553002113-1-16-1.thm,,2.25,2.75,28.5714,,,uncertain,
CZ/Bm/RISM553002113-1-3-1.thm,,2.18201,2.18201,20.0011,,,uncertain,
CZ/Bm/RISM553002113-1-4-1.thm,,1.74484,1.27516,9.80392,,,uncertain,
CZ/Bm/RISM553002113-1-5-1.thm,,2.72252,1.50776,8.6427,,,uncertain,
CZ/Bm/RISM553002113-1-7-1.thm,,2.75786,1.36754,3.75,,,uncertain,
CZ/Bm/RISM553002113-1-8-1.thm,,2.34585,0.969918,14.531,,,uncertain,
CZ/Bm/RISM553002113-1-9-1.thm,,2.25947,1.75662,4.16792,,,uncertain,
CZ/BY/RISM553005651-1-1-1.thm,,1.92193,2.44644,55.5556,,,uncertain,
CZ/BY/RISM553005651-1-2-1.thm,,0.503258,1.22439,33.3333,,,uncertain,
CZ/BY/RISM553005651-1-3-1.thm,,1.82561,1.74647,36.1905,,,uncertain,
CZ/BY/RISM553005651-1-5-1.thm,,1.87996,2.52494,31.7647,,,uncertain,
CZ/BY/RISM553005651-1-6-1.thm,,1.84644,2.64644,30.6878,,,uncertain,
CZ/NH/RISM553002363-1-1-1.thm,,2.11808,2.2999,48,,,uncertain,
CZ/NYd/RISM550041067-1-1-1.thm,,2.4183,2.22125,76.455,,,uncertain,
CZ/OSm/RISM550282141-1-1-1.thm,,0,1,66.6667,,,uncertain,
CZ/OSm/RISM550282141-1-2-1.thm,,1.53049,2.19716,45.8333,,,uncertain,
CZ/OSm/RISM550282141-1-3-1.thm,,2.12193,2.44644,29.6296,,,uncertain,
CZ/OSm/RISM550282141-1-4-1.thm,,2.45915,2.25163,59.596,,,uncertain,
CZ/OSm/RISM550282141-1-5-2.thm,,2.23127,1.49111,46.2978,,,uncertain,
CZ/OSm/RISM550282141-1-6-1.thm,,2.65656,2.55591,51.5646,,,uncertain,
CZ/Pu/RISM550401575-1-1-1.thm,,2.13339,2.2125,47.0833,,,uncertain,
CZ/Pu/RISM550401760-1-1-1.thm,,2.4138,2.69238,63.1051,,,uncertain,
CZ/Pu/RISM550403103-1-1-1.thm,,2.46976,3.25776,50.4762,,,uncertain,
CZ/Pu/RISM550403103-1-10-1.thm,,2.52623,3.01681,61.6,,,uncertain,
CZ/Pu/RISM550403103-1-11-1.thm,,2.01439,2.2889,23.6735,,,uncertain,
CZ/Pu/RISM550403103-1-12-1.thm,,2.60665,3.21517,10.4167,,,uncertain,
CZ/Pu/RISM550403103-1-14-1.thm,,2.03792,1.6781,43.0403,,,uncertain,
CZ/Pu/RISM550403103-1-15-1.thm,,2.51761,2.92955,41.5412,,,uncertain,
CZ/Pu/RISM550403103-1-16-1.thm,,2.71278,2.61612,30.4762,,,uncertain,
CZ/Pu/RISM550403103-1-17-1.thm,,2.67095,2.83935,58.5965,,,uncertain,
CZ/Pu/RISM550403103-1-2-1.thm,,2.67049,3.1224,40.8889,,,uncertain,
CZ/Pu/RISM550403103-1-3-1.thm,,2.50368,3.01927,14.1414,,,uncertain,
CZ/Pu/RISM550403103-1-4-1.thm,,2.65656,3.12323,25.2874,,,uncertain,
CZ/Pu/RISM550403103-1-5-1.thm,,2.39476,3.10754,44.3678,,,uncertain,
CZ/Pu/RISM550403103-1-6-1.thm,,2.7274,2.87821,29.6296,,,uncertain,
CZ/Pu/RISM550403103-1-7-1.thm,,2.73504,3.05971,,,,uncertain,
CZ/Pu/RISM550403103-1-8-1.thm,,2.5843,3.11259,32,,,uncertain,
CZ/Pu/RISM550403103-1-9-1.thm,,2.23122,3.58786,49.2848,,,uncertain,
CZ/Pu/RISM550403104-1-1-1.thm,,2.60614,2.03118,58,,,uncertain,
CZ/Pu/RISM550403104-1-10-1.thm,,2.48577,2.37043,21.4286,,,uncertain,
CZ/Pu/RISM550403104-1-11-1.thm,,2.69222,2.45083,26.6049,,,uncertain,
CZ/Pu/RISM550403104-1-12-1.thm,,2.62165,2.53242,46.6667,,,uncertain,
CZ/Pu/RISM550403104-1-13-1.thm,,2.43662,2.56048,9.87654,,,uncertain,
CZ/Pu/RISM550403104-1-14-1.thm,,2.67584,2.97001,41.6667,,,uncertain,
CZ/Pu/RISM550403104-1-15-1.thm,,2.46646,2.97207,15.0538,,,uncertain,
CZ/Pu/RISM550403104-1-16-1.thm,,2.77729,2.05586,26.2222,,,uncertain,
CZ/Pu/RISM550403104-1-17-1.thm,,2.55327,2.83741,41.0667,,,uncertain,
CZ/Pu/RISM550403104-1-18-1.thm,,2.28548,2.41997,47.3684,,,uncertain,
CZ/Pu/RISM550403104-1-19-1.thm,,2.8527,2.78604,51.1919,,,uncertain,
CZ/Pu/RISM550403104-1-2-1.thm,,2.64826,2.65661,17.7778,,,uncertain,
CZ/Pu/RISM550403104-1-20-1.thm,,2.53049,2.2133,43.1373,,,uncertain,
CZ/Pu/RISM550403104-1-3-1.thm,,2.50512,2.42877,35.9842,,,uncertain,
CZ/Pu/RISM550403104-1-4-1.thm,,2.49954,2.80004,54.0741,,,uncertain,
CZ/Pu/RISM550403104-1-5-1.thm,,1.95431,2.87787,27.5862,,,uncertain,
CZ/Pu/RISM550403104-1-7-1.thm,,2.2147,3.01514,9.52381,,,uncertain,
CZ/Pu/RISM550403104-1-8-1.thm,,2.24055,2.29454,58.0843,,,uncertain,
CZ/Pu/RISM550403104-1-9-1.thm,,2.2999,2.56808,,,,uncertain,
CZ/Pu/RISM550508465-1-1-1.thm,,2.28104,2.6416,48.6218,,,uncertain,
CZ/Pu/RISM550508687-1-1-1.thm,,2.18201,2.61058,60.907,,,uncertain,
CZ/Pu/RISM551003665-1-1-1.thm,,2.4116,2.19201,11.9048,,,uncertain,
CZ/Pu/RISM551003665-1-1-2.thm,,2.29879,2.28064,54.1996,,,uncertain,
CZ/Pu/RISM552000375-1-1-1.thm,,1.82625,2.65354,53.1774,,,uncertain,
CZ/Pu/RISM552000375-1-1-2.thm,,1.95915,2.45083,73.5486,,,uncertain,
CZ/SE/RISM550500113-1-1-1.thm,,2.28137,1.76129,19.5109,,,uncertain,
CZ/SE/RISM550500113-1-1-2.thm,,1.14511,1.70044,62.5962,,,uncertain,
CZ/VA/RISM553006260-1-1-1.thm,,0,0.543564,69.0909,,,uncertain,
D/B/RISM452509521-1-1-1.thm,,2.31997,2.39546,124.826,,,uncertain,
D/B/RISM452509521-1-2-1.thm,,2.10219,2.39913,59.4398,,,uncertain,
D/B/RISM452509521-1-2-2.thm,,1.53049,1.83659,52.3131,,,uncertain,
D/B/RISM452509759-1-1-1.thm,,2.40154,2.37135,76.4042,,,uncertain,
D/B/RISM452509759-1-1-2.thm,,2.48855,2.6416,62.8531,,,uncertain,
D/B/RISM461011700-1-1-1.thm,,2.10429,2.24708,26.4198,,,uncertain,
D/BGSk/RISM201007152-1-1-1.thm,,1.81128,2.15564,45,,,uncertain,